<?xml version="1.0"?>
<!DOCTYPE Configure PUBLIC "-//Jetty//Configure//EN" "https://www.eclipse.org/jetty/configure_10_0.dtd">

<!-- ============================================================= -->
<!-- Base SSL configuration                                        -->
<!-- This configuration needs to be used together with 1 or more   -->
<!-- of jetty-https.xml or jetty-http2.xml                         -->
<!-- ============================================================= -->
<Configure id="Server" class="org.eclipse.jetty.server.Server">

  <!-- =========================================================== -->
  <!-- Add an SSL Connector with no protocol factories              -->
  <!-- =========================================================== -->
  <Call  name="addConnector">
    <Arg>
      <New id="sslConnector" class="org.eclipse.jetty.server.ServerConnector">
        <Arg name="server"><Ref refid="Server" /></Arg>
        <Arg name="acceptors" type="int"><Property name="jetty.ssl.acceptors" default="1"/></Arg>
        <Arg name="selectors" type="int"><Property name="jetty.ssl.selectors" default="-1"/></Arg>
        <Arg name="factories">
          <Array type="org.eclipse.jetty.server.ConnectionFactory">
            <!-- uncomment to support proxy protocol
            <Item>
              <New class="org.eclipse.jetty.server.ProxyConnectionFactory"/>
            </Item>-->
          </Array>
        </Arg>

        <Set name="host" property="jetty.ssl.host"/>
        <Set name="port"><Property name="jetty.ssl.port" default="8443" /></Set>
        <Set name="idleTimeout"><Property name="jetty.ssl.idleTimeout" default="30000"/></Set>
        <Set name="acceptorPriorityDelta" property="jetty.ssl.acceptorPriorityDelta"/>
        <Set name="acceptQueueSize" property="jetty.ssl.acceptQueueSize"/>
        <Set name="reuseAddress"><Property name="jetty.ssl.reuseAddress" default="true"/></Set>
        <Set name="acceptedTcpNoDelay"><Property name="jetty.ssl.acceptedTcpNoDelay" default="true"/></Set>
        <Set name="acceptedReceiveBufferSize" property="jetty.ssl.acceptedReceiveBufferSize" />
        <Set name="acceptedSendBufferSize" property="jetty.ssl.acceptedSendBufferSize" />
        <Get name="SelectorManager">
          <Set name="connectTimeout" property="jetty.ssl.connectTimeout"/>
        </Get>
      </New>
    </Arg>
  </Call>

  <!-- =========================================================== -->
  <!-- Create a TLS specific HttpConfiguration based on the        -->
  <!-- common HttpConfiguration defined in jetty.xml               -->
  <!-- Add a SecureRequestCustomizer to extract certificate and    -->
  <!-- session information                                         -->
  <!-- =========================================================== -->
  <New id="sslHttpConfig" class="org.eclipse.jetty.server.HttpConfiguration">
    <Arg><Ref refid="httpConfig"/></Arg>
    <Call name="addCustomizer">
      <Arg>
        <New class="org.eclipse.jetty.server.SecureRequestCustomizer">
          <Arg name="sniRequired" type="boolean"><Property name="jetty.ssl.sniRequired" default="false"/></Arg>
          <Arg name="sniHostCheck" type="boolean"><Property name="jetty.ssl.sniHostCheck" default="true"/></Arg>
          <Arg name="stsMaxAgeSeconds" type="int"><Property name="jetty.ssl.stsMaxAgeSeconds" default="-1"/></Arg>
          <Arg name="stsIncludeSubdomains" type="boolean"><Property name="jetty.ssl.stsIncludeSubdomains" default="false"/></Arg>
        </New>
      </Arg>
    </Call>
  </New>

</Configure>
